{"message_ids": {"om_x100b6a6d10da54a4dde94b00af23bb0": 1783993826.3247352, "om_x100b6a58af06c0a4c2396858046aaea": 1784073757.375909, "om_x100b6a58aae84874c0032d6bc15c9d1": 1784073794.9811976, "om_x100b6a58a33f60a8deb2fc86b2792e7": 1784073951.891073, "om_x100b6a594d2018a8c455ead72e59234": 1784074303.4196866}}