{"message_ids": {"om_x100b6a6d2d6a18a4df983ed345e65df": 1783993915.2353358, "om_x100b6a6dc7997cacc38f4191ae12f47": 1783994518.5280895, "om_x100b6a6ddc4d28b8de73ff74f18e767": 1783994664.85019, "om_x100b6a6dd65348b8c11b8c0b19f2808": 1783994762.8319945, "om_x100b6a6dfee3b4acddd372cbc634b2b": 1783995139.85853, "om_x100b6a6dffa7c8bcc1f9a706d56999c": 1783995159.5334618, "om_x100b6a6dfc4e38b8c21362d9d1c98ad": 1783995177.3387449, "om_x100b6a6d8b24a880dfbaba812a63bcd": 1783995487.4818528, "om_x100b6a6d850d54acddccdf3e6068696": 1783995580.8473492, "om_x100b6a6da119848cdda9402a23bcf33": 1783996158.480308, "om_x100b6a6e4a8f90b0c37b3a8b9730e5b": 1783996485.2367394, "om_x100b6a6e5abb4cbcc3aec80f3f65563": 1783996744.3083136, "om_x100b6a6e56b4b0b8c21539a4156549d": 1783996808.4828548, "om_x100b6a6e506ffc88c21bf15e1f0181e": 1783996906.9455936, "om_x100b6a6e68d0d4b8df3d26f97dca7b5": 1783997026.8339043, "om_x100b6a6e7eb480b4deaa85bdaf774b1": 1783997192.3923447, "om_x100b6a6e7968b0a8dd111f6edf2e6e5": 1783997307.1337671, "om_x100b6a6e75f30ca0dd43fc0db70e891": 1783997364.8209949, "om_x100b6a6e0a1ba48cc0730e801308535": 1783997518.2714505, "om_x100b6a6e09a148a4c0bed3c56e9dc7d": 1783997559.7057106, "om_x100b6a6e196940a4c16f4afefe664f6": 1783997819.1084266, "om_x100b6a6e10e6cc88c3a6f5b74377240": 1783997923.4907584, "om_x100b6a6e2b7cf4a4c3badacc2fa3f30": 1783998044.5105634, "om_x100b6a6e38fa20a8c2cb50c3dac7a9e": 1783998308.3260818, "om_x100b6a6e3167b8a4c38bec6c0838cda": 1783998460.013158, "om_x100b6a6ecdd144a4dee014c445f69cd": 1783998514.864488, "om_x100b6a6edc84f4b4de9686d31e55f4c": 1783998757.531332, "om_x100b6a6edb49b890c4c4626b256b268": 1783998809.076797, "om_x100b6a6eed9b1d0cc00fe231c8a12b3": 1783999030.2795992, "om_x100b6a6ee8cbecacdeab3638d37e5f3": 1783999073.117082, "om_x100b6a6efa9baca0de796de07eb8d35": 1783999302.2760098, "om_x100b6a6e9c856ca4c2ed1d196592a7e": 1783999781.395041, "om_x100b6a6e994f00bcde786f67641e8a2": 1783999865.4973278, "om_x100b6a6e943b78acc1cde1b9d4d2172": 1783999920.2046008, "om_x100b6a6eac1c60a8c37e8a4616cbe94": 1784000045.947155, "om_x100b6a6ebb0998b4df62e37d144d90a": 1784000349.4358118, "om_x100b6a6f4ef624a8c4a3936d7b21b19": 1784000516.437411, "om_x100b6a6f16157cb8de9837fa27c3654": 1784001934.2857776, "om_x100b6a6f2df090b4c37b53cf4c8c5e7": 1784002100.565304, "om_x100b6a6f289d70a4c2aa7005f1500ad": 1784002149.6834075, "om_x100b6a6f39801938c2e71ac2feaf805": 1784002421.6161053, "om_x100b6a696b8114acde35812e94ef58d": 1784009301.7452393, "om_x100b6a697adc6100ddc5421bd62ab93": 1784009538.2402718, "om_x100b6a69731ce904c2abd29baa48391": 1784009694.026515, "om_x100b6a69188fd0b4c2abb7731115ed1": 1784010085.1086807, "om_x100b6a691288cca8c4427bc0edbbe15": 1784010181.4402337, "om_x100b6a692ee92ca0de02bf654d08419": 1784010243.2491086, "om_x100b6a69221108a8dea1bb87017ea8f": 1784010446.5440745, "om_x100b6a693cc4bca0c2cd62eabb4e980": 1784010529.3947942, "om_x100b6a6938d94ca8c1b522cc0dd753a": 1784010594.2696981, "om_x100b6a6935d65ca0ddd07e362cd98c2": 1784010674.5982692, "om_x100b6a6933a0d0a8c459a4f220d84a4": 1784010712.169361, "om_x100b6a69cfac38a4de38e7f6e222460": 1784010775.1147122, "om_x100b6a69cd0d147cdf3c2b70031c8b3": 1784010812.9904456, "om_x100b6a69cb201cb8dda921c858190ec": 1784010847.8459072, "om_x100b6a69c4ec6cb4c0b5778e8a6e2ce": 1784010915.1282303, "om_x100b6a69c1ebbcacc1b403eed6eb172": 1784010995.1679227, "om_x100b6a69dda64ca0c4abc5db2df66a7": 1784011063.5684826, "om_x100b6a69d8b324bcdeb7a9a1ba96505": 1784011112.7615895, "om_x100b6a69ee6d98a4dfd0c41987a3dcb": 1784011274.884577, "om_x100b6a69e64d1848dd868cb2ffe095b": 1784011400.9376547, "om_x100b6a69e17fe104c3742c3a8ca1460": 1784011516.1193244, "om_x100b6a69fb3074bcc4a2fc06725e781": 1784011616.686384, "om_x100b6a69f68fb4a0c07389e8a072655": 1784011652.9584062, "om_x100b6a69f73834acc3aa45eba74a725": 1784011680.4780629, "om_x100b6a69f3281ca0ddc7c3c4ed4c157": 1784011743.263282, "om_x100b6a69881a30a0c2c2ddf6c8df5d7": 1784011886.4780285, "om_x100b6a698793c4a4c3d5757eb711af5": 1784011927.048641, "om_x100b6a699ee97cb8c1f75598179b489": 1784012035.2171507, "om_x100b6a69ab1e04bcde3deb0fd88395c": 1784012382.0391057, "om_x100b6a69a424a08cdeb735d2f17a196": 1784012463.5919518, "om_x100b6a69bf9d78a0c27700b728d3c73": 1784012566.1461942, "om_x100b6a69b44868bcc27c2a29e6344b3": 1784012713.4232097, "om_x100b6a6a4c9408a8de3b5ac7eaaa866": 1784012838.3744102, "om_x100b6a6a447d3480c4a615296c6f0db": 1784012971.931867, "om_x100b6a6a6512f0b4df916ff5f75972d": 1784013503.082932, "om_x100b6a6a7d4124b8c2e30b998c98f06": 1784013625.6680439, "om_x100b6a6a1fa294b4deeb8560c143524": 1784014103.8865762, "om_x100b6a6a19bcd0a0df9ae1951bfe733": 1784014200.0954921, "om_x100b6a6a3b9650b8c0214ddf4c510d7": 1784014678.7639945, "om_x100b6a6ac55da484dee4b0873ea064d": 1784015033.7816005, "om_x100b6a6adab3eca4c3a55c8c251ef2c": 1784015176.695179, "om_x100b6a6ae539ccb8c3bab71320af698": 1784015552.024686, "om_x100b6a6aff5994b0c2ac14ed66b4899": 1784015642.0799768, "om_x100b6a6afcd520acc1caf44a8112b8d": 1784015650.4404163, "om_x100b6a6af982e8a0c37c68f27f6ef69": 1784015733.7457857, "om_x100b6a6af493a4b4ddc6568266716fa": 1784015782.7666981, "om_x100b6a6a8dfaecacdd33e206391eba0": 1784015924.5552027, "om_x100b6a6a89d17088c3f2dfbc060d12b": 1784015986.6095445, "om_x100b6a6a851810a0dd382b11fe23dba": 1784016062.437545, "om_x100b6a6a9e4524a0df9518adff8d42b": 1784016137.2677238, "om_x100b6a6aa19904b8dda2c7027c24ac6": 1784016630.2349968, "om_x100b6a6ab99aa0a0dea9dff2ee675a2": 1784016758.4140503, "om_x100b6a6ab22ae8a8c38dcede8e6eea2": 1784016847.5006921, "om_x100b6a6b4cc294b8ddc6b6c5911f71a": 1784016930.0730813, "om_x100b6a6b4a14b880dde3c5657658c8e": 1784016974.4492457, "om_x100b6a6b45376cacc44c288cc5aa17d": 1784017088.599655, "om_x100b6a6b50f924a4c021d2cf31e8b10": 1784017380.1771965, "om_x100b6a6b6859b4bcddcf4c8eee3ca79": 1784017514.286046, "om_x100b6a6b641b3484c322d11dfee54af": 1784017582.1761327, "om_x100b6a6b636c4938deb7a82d9356322": 1784017626.9084854, "om_x100b6a6b7af804acc438ef04e6cc5b1": 1784017732.1630042, "om_x100b6a6b0ee974a8c1f132e56d0a291": 1784017923.2382483, "om_x100b6a6b0f354794c2e83c95a237882": 1784017952.42734, "om_x100b6a6b070c4088c4a4e21288493f2": 1784018076.8088696, "om_x100b6a6b03b4f4acc370f6a238bb3c6": 1784018136.4280543, "om_x100b6a6b001ff96cdfb807cf657b81f": 1784018157.9470918, "om_x100b6a6b1c89f8b8c2c46de4c0f35d5": 1784018213.1621146, "om_x100b6a6b157514a0df92b823135ea4a": 1784018364.349191, "om_x100b6a6b2f8658b0dd84821a27bcbff": 1784018453.5588148, "om_x100b6a6b28291084ddb4037a896fb5b": 1784018543.001775, "om_x100b6a6b261d50a4dfbef8dd34d6b67": 1784018573.910511, "om_x100b6a6b3b7d98a8deadacfd34a4798": 1784018779.838564, "om_x100b6a6b357b3cb4dd2a43ebaa4fd9f": 1784018876.1663334, "om_x100b6a6b3111a8acdf3225126546fb8": 1784018942.560154, "om_x100b6a6bc92638acde234a36ec0d91f": 1784019071.6148875, "om_x100b6a6bc24ac0bcc4572781b49074f": 1784019145.2299697, "om_x100b6a6bdf47f8a0c4562e02fbeef60": 1784019225.4109716, "om_x100b6a6beec7a8a0c3d86a94106437b": 1784019457.4704912, "om_x100b6a6bbd2abcacdfac7f348356501": 1784020799.2517767, "om_x100b6a6bb75414a4c3fdaba317ad836": 1784020890.3562207, "om_x100b6a544c9198a0c008c5ffab3f6e3": 1784021030.6312914, "om_x100b6a54472a74acc1bf642aa2bf262": 1784021151.4345658, "om_x100b6a5462c9cca4c1f7ffc2147e9bc": 1784021697.087903, "om_x100b6a547e6e3478c0b92a219940a42": 1784021771.0748625, "om_x100b6a54769b1c80c270953f16d991f": 1784021894.2655957, "om_x100b6a5412a910a4c16eedd951d83ae": 1784022471.162165, "om_x100b6a542c39f4a8c3aed35aa09c093": 1784022576.0072844, "om_x100b6a5426aa60b4c1652ff8c31c53b": 1784022663.2512913, "om_x100b6a542138bcacdd3f9d13d50b8b9": 1784022784.004904, "om_x100b6a54ca34856cc000c32a9c34ce6": 1784023120.3293493, "om_x100b6a54c612acb4dd84759ac56d1e4": 1784023182.648866, "om_x100b6a54d92104a8de71fc388b6d798": 1784023423.5792286, "om_x100b6a54d31db0b0c219a228606255e": 1784023517.8553803, "om_x100b6a54ed8344a8dfd732db8a4edc5": 1784023605.7854636,